ID,Class
750,Blankenship
751,Hayes
752,Sherwin
753,Shea
754,Chell
755,Johnson
756,Morrison
757,Harp
758,Shea
759,Shea
760,Chachra
761,Merritt
762,Chell
763,Chell
764,Hayes
765,Chachra
766,Chell
767,Mahlers2nd
768,Hayes
769,Hayes
770,Lovitt
771,Auken
772,Lovitt
773,Chell
774,Shea
775,Chachra
776,Chachra
777,Chell
778,Chell
779,Chell
780,Chell
781,Mahlers2nd
782,Chachra
783,Chell
784,Chell
785,Hayes
786,Chachra
787,Harp
788,Shea
789,Chachra
790,Mahlers2nd
791,Chell
792,Morrison
793,Hayes
794,Hayes
795,Sherwin
796,Chell
797,Chandler
798,Chachra
799,Chachra
800,Chell
801,Hayes
802,Chell
803,Hayes
804,Chachra
805,Hayes
806,Chandler
807,Chell
808,Chachra
809,Engineer
810,Blankenship
811,Mahlers2nd
812,Chachra
813,Sherwin
814,Johnson
815,Chell
816,Hayes
817,Peterson
818,Mahlers2nd
819,Taylor
820,Chachra
821,Harp
822,Mark
823,Blankenship
824,Chachra
825,Chachra
826,Chachra
827,Chell
828,Lovitt
829,Chachra
830,Mahlers2nd
831,Hayes
832,Blankenship
833,Chachra
834,Mahlers2nd
835,Engineer
836,Mark
837,Lovitt
838,Chell
839,Chachra
840,Shea
841,Chell
842,Hayes
843,Taylor
844,Mahlers2nd
845,Lovitt
846,Hayes
847,Peterson
848,Hayes
849,Chandler
850,Chachra
851,Hayes
852,Chell
853,Hayes
854,Chell
855,Morrison
856,Johnson
857,Hayes
858,Chachra
859,Lovitt
860,Merritt
861,Davisson
862,Taylor
863,Hayes
864,Chell
865,Chachra
866,Chachra
867,Hayes
868,Hayes
869,Chell
870,Chachra
871,Harp
872,Hayes
873,Chandler
874,Chachra
875,Hayes
876,Ashbacher
877,Merritt
878,Chell
879,Lovitt
880,Mahlers2nd
881,Engineer
882,Chell
883,Chachra
884,Hayes
885,Morrison
886,Mark
887,Hayes
888,Chell
889,Chell
890,Chell
891,Lovitt
892,Taylor
893,Hayes
894,Hayes
895,Hayes
896,Chell
897,Merritt
898,Mahlers2nd
899,Engineer
900,Ashbacher
901,Hayes
902,Chachra
903,Mahlers2nd
904,Lovitt
905,Chell
906,Chell
907,Hayes
908,Taylor
909,Merritt
910,Mahlers2nd
911,Chachra
912,Chell
913,Chell
914,Taylor
915,Blankenship
916,Lovitt
917,Hayes
918,Chell
919,Chell
920,Chachra
921,Chachra
922,Chachra
923,Mark
924,Lovitt
925,Peterson
926,Taylor
927,Lovitt
928,Chachra
929,Chachra
930,Morrison
931,Chachra
932,Chell
933,Mahlers2nd
934,Chell
935,Johnson
936,Chell
937,Harp
938,Chell
939,Chell
940,Hayes
941,Chell
942,Chell
943,Chell
944,Lovitt
945,Hayes
946,Chell
947,Lovitt
948,Lovitt
949,Lovitt
950,Lovitt
951,Chachra
952,Power
953,Chandler
954,Taylor
955,Chell
956,Blankenship
957,Chell
958,Lovitt
959,Chell
960,Mahlers2nd
961,Hayes
962,Taylor
963,Hayes
964,Mahlers2nd
965,Lovitt
966,Chandler
967,Shea
968,Mahlers2nd
969,Chell
970,Chell
971,Johnson
972,Chell
973,Chell
974,Chachra
975,Johnson
976,Harp
977,Blankenship
978,Harp
979,Shea
980,Lovitt
981,Merritt
982,Chell
983,Shea
984,Lovitt
985,Chandler
986,Chell
987,Hayes
988,Lovitt
989,Shea
990,Hayes
991,Lovitt
992,Chell
993,Hayes
994,Chell
995,Hayes
996,Hayes
997,Shea
998,Shea
999,Chell
1000,Taylor
1001,Blankenship
1002,Hayes
1003,Chachra
1004,Lovitt
1005,Chell
1006,Chell
1007,Mark
1008,Chandler
1009,Taylor
1010,Koenig
1011,Chachra
1012,Merritt
1013,Hayes
1014,Chell
1015,Hayes
1016,Harp
1017,Hayes
1018,Merritt
1019,Hayes
1020,Chachra
1021,Chachra
1022,Shea
1023,Chell
1024,Chell
1025,Harp
1026,Mahlers2nd
1027,Lovitt
1028,Hayes
1029,Mahlers2nd
1030,Shea
1031,Lovitt
1032,Mahlers2nd
1033,Chell
1034,Chachra
1035,Johnson
1036,Mahlers2nd
1037,Sherwin
1038,Chachra
1039,Hayes
1040,Taylor
1041,Johnson
1042,Auken
1043,Engineer
1044,Engineer
1045,Lovitt
1046,Sherwin
1047,Morrison
1048,Morrison
1049,Neal
1050,Chell
1051,Agresti
1052,Hayes
1053,Shea
1054,Power
1055,Chachra
1056,Engineer
1057,Sherwin
1058,Harp
1059,Taylor
1060,Chell
1061,Lovitt
1062,Mahlers2nd
1063,Chell
1064,Harp
1065,Mahlers2nd
1066,Morrison
1067,Chell
1068,Chell
1069,Mark
1070,Chell
1071,Hayes
1072,Chell
1073,Blankenship
1074,Chachra
1075,Merritt
1076,Chell
1077,Chachra
1078,Chell
1079,Chell
1080,Agresti
1081,Morrison
1082,Blankenship
1083,Chell
1084,Neal
1085,Lovitt
1086,Chandler
1087,Lovitt
1088,Harp
1089,Chachra
1090,Chachra
1091,Chachra
1092,Chell
1093,Mahlers2nd
1094,Ashbacher
1095,Lovitt
1096,Peterson
1097,Mark
1098,Hayes
1099,Morrison
1100,Chachra
1101,Lovitt
1102,Mark
1103,Chell
1104,Lovitt
1105,Merritt
1106,Chell
1107,Shea
1108,Chell
1109,Shea
1110,Mahlers2nd
1111,Chachra
1112,Chell
1113,Shea
1114,Hayes
1115,Neal
1116,Hayes
1117,Hayes
1118,Chachra
1119,Sherwin
1120,Chell
1121,Lovitt
1122,Chachra
1123,Chell
1124,Shea
1125,Lovitt
1126,Chell
1127,Chachra
1128,Hayes
1129,Johnson
1130,Hayes
1131,Blankenship
1132,Mahlers2nd
1133,Chachra
1134,Hayes
1135,Mahlers2nd
1136,Chachra
1137,Chell
1138,Hayes
1139,Sherwin
1140,Chachra
1141,Merritt
1142,Hayes
1143,Mark
1144,Chell
1145,Harp
1146,Chell
1147,Koenig
1148,Mahlers2nd
1149,Shea
1150,Merritt
1151,Blankenship
1152,Neal
1153,Peterson
1154,Hayes
1155,Shea
1156,Chell
1157,Hayes
1158,Chandler
1159,Hayes
1160,Chachra
1161,Chachra
1162,Chachra
1163,Chachra
1164,Neal
1165,Johnson
1166,Hayes
1167,Johnson
1168,Mahlers2nd
1169,Chell
1170,Mahlers2nd
1171,Merritt
1172,Agresti
1173,Chachra
1174,Shea
1175,Shea
1176,Chell
1177,Chell
1178,Chell
1179,Hayes
1180,Chell
1181,Taylor
1182,Mahlers2nd
1183,Chell
1184,Chell
1185,Chachra
1186,Chell
1187,Morrison
1188,Chell
1189,Chandler
1190,Agresti
1191,Chachra
1192,Chell
1193,Morrison
1194,Merritt
1195,Chell
1196,Hayes
1197,Hayes
1198,Chell
1199,Chell
1200,Shea
1201,Chachra
1202,Mahlers2nd
1203,Harp
1204,Hayes
1205,Chell
1206,Chell
1207,Hayes
1208,Chachra
1209,Lovitt
1210,Chell
1211,Lovitt
1212,Chell
1213,Mahlers2nd
1214,Lovitt
1215,Chell
1216,Chell
1217,Chell
1218,Chachra
1219,Peterson
1220,Chell
1221,Agresti
1222,Hayes
1223,Merritt
1224,Hayes
1225,Chell
1226,Power
1227,Chell
1228,Chell
1229,Lovitt
1230,Koenig
1231,Power
1232,Sherwin
1233,Chachra
1234,Chell
1235,Chell
1236,Sherwin
1237,Hayes
1238,Power
1239,Engineer
1240,Chell
1241,Chell
1242,Chell
1243,Mahlers2nd
1244,Mahlers2nd
1245,Hayes
1246,Chachra
1247,Chell
1248,Mahlers2nd
1249,Taylor
1250,Hayes
1251,Hayes
1252,Chandler
1253,Johnson
1254,Hayes
1255,Chachra
1256,Mahlers2nd
1257,Chell
1258,Shea
1259,Hayes
1260,Chachra
1261,Lovitt
1262,Hayes
1263,Chell
1264,Chell
1265,Chachra
1266,Power
1267,Lovitt
1268,Chell
1269,Hayes
1270,Chell
1271,Chell
1272,Chell
1273,Chachra
1274,Chell
1275,Cholette
1276,Hayes
1277,Peterson
1278,Blankenship
1279,Chachra
1280,Neal
1281,Hayes
1282,Ashbacher
1283,Chachra
1284,Shea
1285,Hayes
1286,Chell
1287,Hayes
1288,Chell
1289,Johnson
1290,Johnson
1291,Chell
1292,Kolln
1293,Hayes
1294,Chachra
1295,Chachra
1296,Taylor
1297,Hayes
1298,Lovitt
1299,Chell
1300,Chandler
1301,Merritt
1302,Chell
1303,Chell
1304,Chell
1305,Blankenship
1306,Cholette
1307,Chell
1308,Chell
1309,Hayes
1310,Blankenship
1311,Peterson
1312,Chell
1313,Chell
1314,Mark
1315,Hayes
1316,Lovitt
1317,Hayes
1318,Chachra
1319,Hayes
1320,Chell
1321,Lovitt
1322,Hayes
1323,Hayes
1324,Lovitt
1325,Hayes
1326,Hayes
1327,Chachra
1328,Chachra
1329,Chandler
1330,Auken
1331,Lovitt
1332,Chell
1333,Neal
1334,Johnson
1335,Hayes
1336,Chell
1337,Hayes
1338,Hayes
1339,Hayes
1340,Chachra
1341,Mahlers2nd
1342,Lovitt
1343,Auken
1344,Lovitt
1345,Morrison
1346,Mahlers2nd
1347,Chandler
1348,Peterson
1349,Chell
1350,Chell
1351,Agresti
1352,Chell
1353,Taylor
1354,Lovitt
1355,Shea
1356,Mark
1357,Chell
1358,Shea
1359,Cutey
1360,Blankenship
1361,Agresti
1362,Chachra
1363,Hayes
1364,Merritt
1365,Chachra
1366,Hayes
1367,Mahlers2nd
1368,Hayes
1369,Chell
1370,Mahlers2nd
1371,Hayes
1372,Peterson
1373,Engineer
1374,Mark
1375,Hayes
1376,Chachra
1377,Lovitt
1378,Hayes
1379,Chachra
1380,Chell
1381,Sherwin
1382,Chell
1383,Hayes
1384,Chachra
1385,Lovitt
1386,Chell
1387,Chell
1388,Chachra
1389,Chachra
1390,Chell
1391,Chell
1392,Chell
1393,Chachra
1394,Morrison
1395,Chachra
1396,Mahlers2nd
1397,Merritt
1398,Shea
1399,Morrison
1400,Lovitt
1401,Chell
1402,Chell
1403,Chell
1404,Mark
1405,Shea
1406,Chachra
1407,Sherwin
1408,Chachra
1409,Chell
1410,Chachra
1411,Lovitt
1412,Chachra
1413,Neal
1414,Shea
1415,Morrison
1416,Chell
1417,Hayes
1418,Engineer
1419,Chell
1420,Hayes
1421,Lovitt
1422,Lovitt
1423,Hayes
1424,Chandler
1425,Chell
1426,Shea
1427,Lovitt
1428,Chachra
1429,Chell
1430,Hayes
1431,Chachra
1432,Chell
1433,Kolln
1434,Power
1435,Chell
1436,Sherwin
1437,Sherwin
1438,Chell
1439,Koenig
1440,Hayes
1441,Chell
1442,Shea
1443,Johnson
1444,Chell
1445,Lovitt
1446,Lovitt
1447,Chell
1448,Hayes
1449,Engineer
1450,Chell
1451,Lovitt
1452,Hayes
1453,Johnson
1454,Hayes
1455,Lovitt
1456,Sherwin
1457,Chell
1458,Johnson
1459,Chachra
1460,Engineer
1461,Hayes
1462,Hayes
1463,Hayes
1464,Chachra
1465,Chachra
1466,Chell
1467,Mahlers2nd
1468,Cutey
1469,Hayes
1470,Lovitt
1471,Morrison
1472,Hayes
1473,Chachra
1474,Hayes
1475,Merritt
1476,Johnson
1477,Nigam
1478,Hayes
1479,Chell
1480,Chachra
1481,Mahlers2nd
1482,Shea
1483,Chell
1484,Lovitt
1485,Chachra
1486,Chell
1487,Chell
1488,Johnson
1489,Chell
1490,Morrison
1491,Lovitt
1492,Chell
1493,Chell
1494,Hayes
1495,Hayes
1496,Chachra
1497,Hayes
1498,Chell
1499,Chachra
